Revisar;SKU;Producto;Marca;Categoria;Stock publicado HOY;Stock cuando se conto;Sesion;Conto;Confirmada
SI;FB-60452;Bicicleta MTB R29 Zion Ovanta 1X10V — Verde/Azul / M;Zion;BICICLETAS POR MARCA;3;3;10;Jose;2026-08-14
SI;FB-25295;Bicicleta MTB R29 Zion Breva - 3X7 L-Twoo A2 — Negro/Fucsia / S;Zion;BICICLETAS POR MARCA;2;2;10;Jose;2026-08-14
SI;FB-31760;Bicicleta de Ruta Zion Ruffian 2X9 Shimano Sora — XS / Negro/Rojo;Zion;BICICLETAS POR MARCA;2;2;10;Jose;2026-08-14
SI;FB-21372;Bicicleta de Ruta Zion Ruffian 2X9 Shimano Sora — S / Negro/Rojo;Zion;BICICLETAS POR MARCA;1;2;10;Jose;2026-08-14
SI;FB-24512;Bicicleta MTB Doble Suspension R29 Zion Rok - Carbono  - Shimano Deore  1X12 — S / Blanco/Azul;Zion;BICICLETAS POR MARCA;1;1;10;Jose;2026-08-14
SI;FB-25292;Bicicleta MTB R29 Zion Breva - 3X7 L-Twoo A2 — Azul/Celeste / S;Zion;BICICLETAS POR MARCA;1;1;10;Jose;2026-08-14
SI;FB-27996;Bicicleta MTB R29 Zion Breva - 3X7 L-Twoo A2 — Negro/Fucsia / XS;Zion;BICICLETAS POR MARCA;1;1;10;Jose;2026-08-14
SI;FB-31759;Bicicleta de Ruta Zion Pegaso 2X9 L-Twoo — XS / Azul/Dorado;Zion;BICICLETAS ZION;1;1;10;Jose;2026-08-14
SI;FB-61656;Bicicleta MTB R29 Zion Ovanta 1X10V — Verde/Azul / S;Zion;BICICLETAS POR MARCA;1;4;10;Jose;2026-08-14
SI;FB-62617;Bicicleta MTB Doble Suspension R29 Zion Rok 2 - Carbono  - Shimano Deore  1X12 — M / Negro;Zion;BICICLETAS POR MARCA;1;1;10;Jose;2026-08-14
SI;FB-62623;Bicicleta de Ruta Zion Palomo 2X12 Shimano 105 — M / Blanco;Zion;BICICLETAS POR MARCA;1;1;10;Jose;2026-08-14
SI;FB-7324;Zapatillas Urbanas Oakley Keel — Iron Red / 40;Oakley;ZAPATILLAS;1;1;8;Jose;2026-07-30
SI;FB-7340;Zapatillas Urbanas Oakley Keel — Navy Blue / 45;Oakley;ZAPATILLAS;1;1;8;Jose;2026-07-30
ya en 0;FB-13630;Bicicleta MTB R29 Zion Ovanta 1X10V — Gris / S;Zion;BICICLETAS POR MARCA;0;1;10;Jose;2026-08-14
ya en 0;FB-14724;Bicicleta MTB R29 Zion Ovanta 1X10V — Azul / S;Zion;BICICLETAS POR MARCA;0;1;10;Jose;2026-08-14
ya en 0;FB-20108;Zapatillas Metha Road Speed — Negro / 45;Metha;ZAPATILLAS;0;1;14;Joaco;2026-08-20
ya en 0;FB-26785;Zapatillas Metha Force — Negro / 44;Metha;ZAPATILLAS;0;6;14;Joaco;2026-08-20
ya en 0;FB-26786;Zapatillas Metha Force — Negro / 43;Metha;ZAPATILLAS;0;7;14;Joaco;2026-08-20
ya en 0;FB-44453;Zapatilla mtb Metha Fc Sprint — Blanco / 42;Metha;ZAPATILLAS;0;2;14;Joaco;2026-08-20
ya en 0;FB-44454;Zapatilla mtb Metha Fc Sprint — Blanco / 43;Metha;ZAPATILLAS;0;2;14;Joaco;2026-08-20
ya en 0;FB-44455;Zapatilla mtb Metha Fc Sprint — Blanco / 44;Metha;ZAPATILLAS;0;2;14;Joaco;2026-08-20
ya en 0;FB-61469;Zapatilla mtb Metha Fc Sprint — Blanco / 40;Metha;ZAPATILLAS;0;2;14;Joaco;2026-08-20
ya en 0;FB-7555;Zapatillas Metha Cross — Negro / 40;Metha;ZAPATILLAS;0;2;14;Joaco;2026-08-20
ya en 0;FB-7559;Zapatillas Metha Cross — Negro / 44;Metha;ZAPATILLAS;0;2;14;Joaco;2026-08-20